{
    "voice": {
        "MassacreShowTime": {
            "YuiAsuna24": [
                2,
                "12:56:13",
                0
            ],
            "合鳥子": [
                1,
                "11:33:3",
                0
            ],
            "農農神": [
                0,
                "0:34:28",
                0
            ],
            "智智神": [
                0,
                "19:23:45",
                0
            ],
            "母胎單": [
                0,
                "15:45:5",
                0
            ],
            "戴戴神": [
                0,
                "22:19:12",
                0
            ],
            "姜姜🌹": [
                0,
                "2:9:39",
                0
            ],
            "料理長": [
                0,
                "0:11:52",
                0
            ],
            "今州飛羽俠": [
                1,
                "23:59:20",
                0
            ],
            "凜寒": [
                0,
                "4:41:36",
                0
            ],
            "ฅ^•ﻌ•^ฅ": [
                0,
                "2:58:7",
                0
            ],
            "古いお金": [
                0,
                "1:49:0",
                0
            ],
            "✿ξ𝓛ş♊阿魁🌸觸手❀": [
                0,
                "4:56:39",
                0
            ],
            "系統之外的人": [
                0,
                "1:36:47",
                0
            ],
            "維維神": [
                0,
                "12:37:4",
                0
            ]
        },
        "貓窩LA": {
            "Drawil": [
                1,
                "9:48:4",
                0
            ],
            "貓鯊": [
                1,
                "0:39:45",
                0
            ],
            "炸貓(里長伯)": [
                1,
                "4:18:7",
                1737786019.5931816
            ],
            "俗頭.PDF": [
                0,
                "0:10:36",
                0
            ],
            "曼波": [
                0,
                "10:44:12",
                0
            ],
            "fuze_everything": [
                0,
                "15:33:44",
                1737786019.5931816
            ],
            "黑貓neko": [
                0,
                "2:11:47",
                0
            ],
            "三明冶": [
                0,
                "1:43:17",
                0
            ],
            "俗頭": [
                0,
                "6:3:59",
                0
            ],
            "Reisen": [
                0,
                "15:43:22",
                0
            ],
            "俗頭-浣上不睡教": [
                0,
                "17:10:49",
                0
            ]
        },
        "精神時光屋": {
            "今州飛羽俠": [
                0,
                "0:17:42",
                1737786019.5931816
            ],
            "獄": [
                0,
                "4:12:43",
                0
            ],
            "mi": [
                0,
                "2:11:45",
                0
            ]
        },
        "人之初性本善": {
            "Leo": [
                0,
                "15:28:56",
                0
            ],
            "YuiAsuna24": [
                0,
                "1:55:32",
                0
            ],
            "蘆洲池昌緒": [
                0,
                "4:2:15",
                0
            ],
            "(^. .^꜀ )꜆੭ 農農": [
                0,
                "2:31:51",
                0
            ],
            "penguin4478": [
                0,
                "8:41:53",
                0
            ],
            "FredBoat♪♪": [
                0,
                "0:3:23",
                0
            ],
            "ÐËÄÐÖÑAkali": [
                0,
                "0:52:54",
                0
            ],
            "大豬豬": [
                0,
                "0:3:2",
                0
            ],
            "//智//": [
                0,
                "2:4:33",
                0
            ],
            "萱萱": [
                0,
                "2:24:46",
                0
            ]
        }
    },
    "chat": {
        "貓窩LA": {
            "曼波": 241,
            "Drawil": 479,
            "銀之風": 244,
            "阿飛飛阿非非": 285,
            "milinxue": 618,
            "炸貓(獨裁里長伯)": 439,
            "老傑": 169,
            "我就蔡姬.": 192,
            "貓鯊": 367,
            "不是紙箱": 12,
            "櫻空月": 3,
            "落羽": 54,
            "忠111111111": 94,
            "Yo": 14,
            "顏面盡失 尊嚴掃地": 84,
            "坐下萊": 64,
            "神螺天征": 15,
            "(^. .^꜀ )꜆੭ 農農": 3,
            "狗勾( ⸝⸝･̆⤚･̆⸝⸝)": 21,
            "NieR": 1,
            "熊貓帕魯": 35,
            "櫻茗": 2,
            "說叮咚被狗咬": 5,
            "fuze_everything": 98,
            "原來我也可以改": 4,
            "ナナチ": 1,
            "茶梓(消失的里幹事)": 214,
            "惜苒兒ran": 57,
            "RTX": 6,
            "大社恐-泡泡神父": 11,
            "JUN": 1,
            "維傑爾": 66,
            "蔡姬也是菜雞": 25,
            "炸貓(里長伯)": 439,
            "肝苦人狗勾": 130,
            "19年老俗頭": 5,
            "黒川": 150,
            "俗頭.PDF": 11,
            "俗頭": 19,
            "Reisen": 9,
            "俗頭-浣上不睡教": 25,
            "黑貓neko": 1
        },
        "MassacreShowTime": {
            "農農神": 34,
            "YuiAsuna24": 7,
            "維維神": 2,
            "智智神": 1,
            "料理長": 1
        },
        "人之初性本善": {
            "(^. .^꜀ )꜆੭ 農農": 23,
            "Leo": 10,
            "ÐËÄÐÖÑAkali": 1
        },
        "精神時光屋": {
            "獄": 1,
            "今州飛羽俠": 7,
            "AsadaS1non": 4
        }
    }
}