{
    "voice": {
        "MassacreShowTime": {
            "YuiAsuna24": [
                1,
                "11:53:55",
                1730551855.3096864
            ],
            "合鳥子": [
                1,
                "3:34:9",
                1730551855.3096864
            ],
            "農農神": [
                0,
                "0:0:9",
                0
            ],
            "智智神": [
                0,
                "10:3:30",
                1730551855.3096864
            ],
            "母胎單": [
                0,
                "14:27:42",
                1730551855.3096864
            ],
            "戴戴神": [
                0,
                "10:52:32",
                0
            ],
            "姜姜🌹": [
                0,
                "1:26:13",
                0
            ],
            "料理長": [
                0,
                "0:11:52",
                0
            ]
        }
    },
    "chat": {
        "貓窩LA": {
            "曼波": 96,
            "Drawil": 234,
            "銀之風": 149,
            "阿飛飛阿非非": 192,
            "milinxue": 468,
            "炸貓(獨裁里長伯)": 439,
            "老傑": 169,
            "我就蔡姬.": 192,
            "貓鯊": 171,
            "不是紙箱": 10,
            "櫻空月": 3,
            "落羽": 54,
            "忠111111111": 93,
            "Yo": 5,
            "顏面盡失 尊嚴掃地": 84,
            "坐下萊": 22,
            "神螺天征": 15,
            "(^. .^꜀ )꜆੭ 農農": 3,
            "狗勾( ⸝⸝･̆⤚･̆⸝⸝)": 21,
            "NieR": 1,
            "熊貓帕魯": 24,
            "櫻茗": 2,
            "說叮咚被狗咬": 3,
            "fuze_everything": 1,
            "原來我也可以改": 4,
            "ナナチ": 1,
            "茶梓(消失的里幹事)": 7,
            "惜苒兒ran": 3,
            "RTX": 6,
            "大社恐-泡泡神父": 11
        },
        "MassacreShowTime": {
            "農農神": 30,
            "YuiAsuna24": 7,
            "維維神": 2,
            "智智神": 1,
            "料理長": 1
        }
    }
}