{
    "voice": {
        "MassacreShowTime": {
            "YuiAsuna24": [
                3,
                "7:46:35",
                1737947763.9708185
            ],
            "合鳥子": [
                1,
                "18:10:38",
                0
            ],
            "農農神": [
                0,
                "0:34:28",
                0
            ],
            "智智神": [
                1,
                "0:22:6",
                0
            ],
            "母胎單": [
                0,
                "18:3:53",
                1737961170.7017221
            ],
            "戴戴神": [
                1,
                "8:54:5",
                0
            ],
            "姜姜🌹": [
                0,
                "2:9:39",
                0
            ],
            "料理長": [
                0,
                "0:11:52",
                0
            ],
            "今州飛羽俠": [
                2,
                "4:11:60",
                0
            ],
            "凜寒": [
                0,
                "4:41:36",
                0
            ],
            "ฅ^•ﻌ•^ฅ": [
                0,
                "4:9:27",
                0
            ],
            "古いお金": [
                0,
                "6:37:3",
                0
            ],
            "✿ξ𝓛ş♊阿魁🌸觸手❀": [
                0,
                "4:56:39",
                0
            ],
            "系統之外的人": [
                0,
                "1:39:4",
                0
            ],
            "維維神": [
                0,
                "14:10:6",
                0
            ],
            "rt": [
                0,
                "4:55:16",
                0
            ],
            "彡★鬼★彡": [
                0,
                "2:54:41",
                0
            ],
            "Jeff大叔": [
                0,
                "1:37:17",
                0
            ]
        },
        "貓窩LA": {
            "Drawil": [
                1,
                "11:51:35",
                0
            ],
            "貓鯊": [
                1,
                "6:7:34",
                0
            ],
            "炸貓(里長伯)": [
                1,
                "10:4:9",
                0
            ],
            "俗頭.PDF": [
                0,
                "0:10:36",
                0
            ],
            "曼波": [
                0,
                "11:55:4",
                0
            ],
            "fuze_everything": [
                1,
                "1:26:8",
                0
            ],
            "黑貓neko": [
                0,
                "2:14:32",
                0
            ],
            "三明冶": [
                0,
                "3:21:9",
                0
            ],
            "俗頭": [
                0,
                "6:3:59",
                0
            ],
            "Reisen": [
                0,
                "17:9:36",
                0
            ],
            "俗頭-浣上不睡教": [
                0,
                "21:28:17",
                0
            ],
            "在愛我是狗": [
                0,
                "1:13:50",
                0
            ]
        },
        "精神時光屋": {
            "今州飛羽俠": [
                0,
                "18:41:50",
                0
            ],
            "獄": [
                0,
                "18:15:21",
                0
            ],
            "mi": [
                0,
                "13:54:46",
                0
            ]
        },
        "人之初性本善": {
            "Leo": [
                1,
                "1:9:60",
                0
            ],
            "YuiAsuna24": [
                0,
                "9:28:14",
                0
            ],
            "蘆洲池昌緒": [
                0,
                "4:2:58",
                1737967832.4073153
            ],
            "(^. .^꜀ )꜆੭ 農農": [
                0,
                "2:31:51",
                0
            ],
            "penguin4478": [
                0,
                "9:32:52",
                0
            ],
            "FredBoat♪♪": [
                0,
                "0:3:23",
                0
            ],
            "ÐËÄÐÖÑAkali": [
                0,
                "1:13:3",
                0
            ],
            "大豬豬": [
                0,
                "0:3:2",
                0
            ],
            "//智//": [
                0,
                "2:36:52",
                0
            ],
            "萱萱": [
                0,
                "2:24:52",
                1737968070.2746696
            ],
            "nrby2369": [
                0,
                "0:46:17",
                0
            ],
            "CaTToiin": [
                0,
                "1:14:24",
                0
            ]
        }
    },
    "chat": {
        "貓窩LA": {
            "曼波": 245,
            "Drawil": 534,
            "銀之風": 258,
            "阿飛飛阿非非": 303,
            "milinxue": 641,
            "炸貓(獨裁里長伯)": 439,
            "老傑": 169,
            "我就蔡姬.": 192,
            "貓鯊": 401,
            "不是紙箱": 14,
            "櫻空月": 3,
            "落羽": 54,
            "忠111111111": 94,
            "Yo": 19,
            "顏面盡失 尊嚴掃地": 84,
            "坐下萊": 83,
            "神螺天征": 15,
            "(^. .^꜀ )꜆੭ 農農": 3,
            "狗勾( ⸝⸝･̆⤚･̆⸝⸝)": 21,
            "NieR": 1,
            "熊貓帕魯": 37,
            "櫻茗": 2,
            "說叮咚被狗咬": 5,
            "fuze_everything": 125,
            "原來我也可以改": 7,
            "ナナチ": 1,
            "茶梓(消失的里幹事)": 372,
            "惜苒兒ran": 77,
            "RTX": 6,
            "大社恐-泡泡神父": 11,
            "JUN": 1,
            "維傑爾": 96,
            "蔡姬也是菜雞": 26,
            "炸貓(里長伯)": 522,
            "肝苦人狗勾": 173,
            "19年老俗頭": 5,
            "黒川": 150,
            "俗頭.PDF": 11,
            "俗頭": 19,
            "Reisen": 17,
            "俗頭-浣上不睡教": 74,
            "黑貓neko": 2
        },
        "MassacreShowTime": {
            "農農神": 39,
            "YuiAsuna24": 7,
            "維維神": 2,
            "智智神": 1,
            "料理長": 1,
            "ฅ^•ﻌ•^ฅ": 5
        },
        "人之初性本善": {
            "(^. .^꜀ )꜆੭ 農農": 23,
            "Leo": 10,
            "ÐËÄÐÖÑAkali": 1
        },
        "精神時光屋": {
            "獄": 1,
            "今州飛羽俠": 10,
            "AsadaS1non": 4,
            "我下麵給妳吃": 1
        }
    }
}