{
    "voice": {
        "MassacreShowTime": {
            "YuiAsuna24": [
                1,
                "15:12:32",
                0
            ],
            "合鳥子": [
                1,
                "6:45:54",
                0
            ],
            "農農神": [
                0,
                "0:34:28",
                0
            ],
            "智智神": [
                0,
                "15:50:29",
                0
            ],
            "母胎單": [
                0,
                "14:43:41",
                0
            ],
            "戴戴神": [
                0,
                "14:0:18",
                0
            ],
            "姜姜🌹": [
                0,
                "1:26:13",
                0
            ],
            "料理長": [
                0,
                "0:11:52",
                0
            ],
            "今州飛羽俠": [
                0,
                "0:8:16",
                1737426008.7645812
            ],
            "凜寒": [
                0,
                "3:34:20",
                0
            ],
            "ฅ^•ﻌ•^ฅ": [
                0,
                "2:57:21",
                0
            ],
            "古いお金": [
                0,
                "1:49:0",
                0
            ],
            "✿ξ𝓛ş♊阿魁🌸觸手❀": [
                0,
                "1:35:52",
                0
            ],
            "系統之外的人": [
                0,
                "1:36:47",
                0
            ],
            "維維神": [
                0,
                "1:7:8",
                0
            ]
        },
        "貓窩LA": {
            "Drawil": [
                0,
                "1:25:46",
                1737426008.7645812
            ],
            "貓鯊": [
                0,
                "5:23:12",
                1737426008.7645812
            ],
            "炸貓(里長伯)": [
                0,
                "10:55:14",
                1737426008.7645812
            ],
            "俗頭.PDF": [
                0,
                "0:10:36",
                0
            ],
            "曼波": [
                0,
                "1:58:43",
                0
            ],
            "fuze_everything": [
                0,
                "0:1:2",
                1737426008.7645812
            ],
            "黑貓neko": [
                0,
                "0:0:23",
                0
            ],
            "三明冶": [
                0,
                "1:43:17",
                0
            ],
            "俗頭": [
                0,
                "5:5:13",
                0
            ],
            "Reisen": [
                0,
                "13:41:48",
                0
            ]
        },
        "精神時光屋": {
            "今州飛羽俠": [
                0,
                "0:17:42",
                0
            ]
        },
        "人之初性本善": {
            "Leo": [
                0,
                "7:38:14",
                0
            ],
            "YuiAsuna24": [
                0,
                "1:55:32",
                0
            ],
            "蘆洲池昌緒": [
                0,
                "0:7:0",
                0
            ],
            "(^. .^꜀ )꜆੭ 農農": [
                0,
                "2:31:51",
                0
            ],
            "penguin4478": [
                0,
                "0:0:5",
                0
            ],
            "FredBoat♪♪": [
                0,
                "0:3:23",
                0
            ],
            "ÐËÄÐÖÑAkali": [
                0,
                "0:52:54",
                0
            ]
        }
    },
    "chat": {
        "貓窩LA": {
            "曼波": 175,
            "Drawil": 385,
            "銀之風": 219,
            "阿飛飛阿非非": 251,
            "milinxue": 543,
            "炸貓(獨裁里長伯)": 439,
            "老傑": 169,
            "我就蔡姬.": 192,
            "貓鯊": 235,
            "不是紙箱": 12,
            "櫻空月": 3,
            "落羽": 54,
            "忠111111111": 94,
            "Yo": 10,
            "顏面盡失 尊嚴掃地": 84,
            "坐下萊": 53,
            "神螺天征": 15,
            "(^. .^꜀ )꜆੭ 農農": 3,
            "狗勾( ⸝⸝･̆⤚･̆⸝⸝)": 21,
            "NieR": 1,
            "熊貓帕魯": 35,
            "櫻茗": 2,
            "說叮咚被狗咬": 5,
            "fuze_everything": 11,
            "原來我也可以改": 4,
            "ナナチ": 1,
            "茶梓(消失的里幹事)": 118,
            "惜苒兒ran": 31,
            "RTX": 6,
            "大社恐-泡泡神父": 11,
            "JUN": 1,
            "維傑爾": 29,
            "蔡姬也是菜雞": 23,
            "炸貓(里長伯)": 169,
            "肝苦人狗勾": 70,
            "19年老俗頭": 5,
            "黒川": 50,
            "俗頭.PDF": 11,
            "俗頭": 10,
            "Reisen": 2
        },
        "MassacreShowTime": {
            "農農神": 34,
            "YuiAsuna24": 7,
            "維維神": 2,
            "智智神": 1,
            "料理長": 1
        },
        "人之初性本善": {
            "(^. .^꜀ )꜆੭ 農農": 23,
            "Leo": 10,
            "ÐËÄÐÖÑAkali": 1
        }
    }
}