{
    "voice": {
        "MassacreShowTime": {
            "YuiAsuna24": [
                2,
                "6:17:49",
                1737634820.5474324
            ],
            "合鳥子": [
                1,
                "10:21:47",
                0
            ],
            "農農神": [
                0,
                "0:34:28",
                0
            ],
            "智智神": [
                0,
                "19:23:45",
                0
            ],
            "母胎單": [
                0,
                "15:45:5",
                0
            ],
            "戴戴神": [
                0,
                "20:42:39",
                1737634820.5474324
            ],
            "姜姜🌹": [
                0,
                "1:26:13",
                0
            ],
            "料理長": [
                0,
                "0:11:52",
                0
            ],
            "今州飛羽俠": [
                1,
                "12:31:47",
                1737634820.5474324
            ],
            "凜寒": [
                0,
                "3:39:33",
                0
            ],
            "ฅ^•ﻌ•^ฅ": [
                0,
                "2:58:7",
                0
            ],
            "古いお金": [
                0,
                "1:49:0",
                0
            ],
            "✿ξ𝓛ş♊阿魁🌸觸手❀": [
                0,
                "4:56:39",
                0
            ],
            "系統之外的人": [
                0,
                "1:36:47",
                0
            ],
            "維維神": [
                0,
                "10:58:53",
                1737634820.5474324
            ]
        },
        "貓窩LA": {
            "Drawil": [
                0,
                "15:54:52",
                1737634820.5474324
            ],
            "貓鯊": [
                0,
                "14:55:9",
                1737599745.663045
            ],
            "炸貓(里長伯)": [
                0,
                "22:32:5",
                1737634820.5474324
            ],
            "俗頭.PDF": [
                0,
                "0:10:36",
                0
            ],
            "曼波": [
                0,
                "10:44:12",
                0
            ],
            "fuze_everything": [
                0,
                "15:33:44",
                1737634820.5474324
            ],
            "黑貓neko": [
                0,
                "2:10:8",
                0
            ],
            "三明冶": [
                0,
                "1:43:17",
                0
            ],
            "俗頭": [
                0,
                "6:3:59",
                0
            ],
            "Reisen": [
                0,
                "14:20:38",
                0
            ],
            "俗頭-浣上不睡教": [
                0,
                "11:56:56",
                0
            ]
        },
        "精神時光屋": {
            "今州飛羽俠": [
                0,
                "0:17:42",
                0
            ]
        },
        "人之初性本善": {
            "Leo": [
                0,
                "7:38:14",
                1737634820.5474324
            ],
            "YuiAsuna24": [
                0,
                "1:55:32",
                0
            ],
            "蘆洲池昌緒": [
                0,
                "0:7:0",
                0
            ],
            "(^. .^꜀ )꜆੭ 農農": [
                0,
                "2:31:51",
                0
            ],
            "penguin4478": [
                0,
                "3:27:20",
                0
            ],
            "FredBoat♪♪": [
                0,
                "0:3:23",
                0
            ],
            "ÐËÄÐÖÑAkali": [
                0,
                "0:52:54",
                0
            ],
            "大豬豬": [
                0,
                "00:00:00",
                1737634820.5474324
            ],
            "//智//": [
                0,
                "00:00:00",
                1737634820.5474324
            ]
        }
    },
    "chat": {
        "貓窩LA": {
            "曼波": 217,
            "Drawil": 425,
            "銀之風": 225,
            "阿飛飛阿非非": 267,
            "milinxue": 569,
            "炸貓(獨裁里長伯)": 439,
            "老傑": 169,
            "我就蔡姬.": 192,
            "貓鯊": 253,
            "不是紙箱": 12,
            "櫻空月": 3,
            "落羽": 54,
            "忠111111111": 94,
            "Yo": 11,
            "顏面盡失 尊嚴掃地": 84,
            "坐下萊": 62,
            "神螺天征": 15,
            "(^. .^꜀ )꜆੭ 農農": 3,
            "狗勾( ⸝⸝･̆⤚･̆⸝⸝)": 21,
            "NieR": 1,
            "熊貓帕魯": 35,
            "櫻茗": 2,
            "說叮咚被狗咬": 5,
            "fuze_everything": 51,
            "原來我也可以改": 4,
            "ナナチ": 1,
            "茶梓(消失的里幹事)": 173,
            "惜苒兒ran": 54,
            "RTX": 6,
            "大社恐-泡泡神父": 11,
            "JUN": 1,
            "維傑爾": 34,
            "蔡姬也是菜雞": 23,
            "炸貓(里長伯)": 269,
            "肝苦人狗勾": 105,
            "19年老俗頭": 5,
            "黒川": 68,
            "俗頭.PDF": 11,
            "俗頭": 19,
            "Reisen": 5,
            "俗頭-浣上不睡教": 14
        },
        "MassacreShowTime": {
            "農農神": 34,
            "YuiAsuna24": 7,
            "維維神": 2,
            "智智神": 1,
            "料理長": 1
        },
        "人之初性本善": {
            "(^. .^꜀ )꜆੭ 農農": 23,
            "Leo": 10,
            "ÐËÄÐÖÑAkali": 1
        },
        "精神時光屋": {
            "獄": 1,
            "今州飛羽俠": 7,
            "AsadaS1non": 4
        }
    }
}