{
    "voice": {
        "MassacreShowTime": {
            "YuiAsuna24": [
                0,
                "7:59:34",
                1730206410.505936
            ],
            "合鳥子": [
                0,
                "13:11:9",
                1730206410.505936
            ],
            "農農神": [
                0,
                "0:0:7",
                0
            ],
            "智智神": [
                0,
                "3:20:37",
                1730206410.505936
            ],
            "母胎單": [
                0,
                "5:12:22",
                0
            ],
            "戴戴神": [
                0,
                "0:2:25",
                0
            ]
        }
    },
    "chat": {
        "貓窩LA": {
            "曼波": 42,
            "Drawil": 111,
            "銀之風": 90,
            "阿飛飛阿非非": 142,
            "milinxue": 352,
            "炸貓(獨裁里長伯)": 268,
            "老傑": 72,
            "我就蔡姬.": 99,
            "貓鯊": 127,
            "不是紙箱": 10,
            "櫻空月": 3,
            "落羽": 29,
            "忠111111111": 2,
            "Yo": 3,
            "顏面盡失 尊嚴掃地": 69,
            "坐下萊": 7,
            "神螺天征": 8,
            "(^. .^꜀ )꜆੭ 農農": 3,
            "狗勾( ⸝⸝･̆⤚･̆⸝⸝)": 21,
            "NieR": 1,
            "熊貓帕魯": 11,
            "櫻茗": 2,
            "說叮咚被狗咬": 3,
            "fuze_everything": 1,
            "原來我也可以改": 4,
            "ナナチ": 1
        },
        "MassacreShowTime": {
            "農農神": 27,
            "YuiAsuna24": 7,
            "維維神": 2,
            "智智神": 1
        }
    }
}